Company Name,Country,City,Founded Year,Company Type,Primary Business,Website,LinkedIn,Email,Phone,Address,CEO/Founder,CTO,Key Management,Team Size,Revenue Est,Funding,Products/Services,Tech Stack,Notable Clients,Recent Contracts,Partnerships,Certifications/Awards,News Mentions,Competitive Position
NALA,Tanzania,Dar es Salaam,2017,Fintech,Remittances/Cross-border Payments,https://www.nala.com/,https://www.linkedin.com/company/nala,contact@nala.com,N/A,Dar es Salaam,Benjamin Fernandes (Founder & CEO),N/A,N/A,50+,$5M+,$40M Series A (2024),Cross-border remittances; B2B payments (Rafiki); Google Pay integration,Mobile-first; USSD; Cloud infrastructure,Google Pay; EU/UK/US markets; 249 banks; 26 mobile money services,Attempting $120M fundraise Q4 2026,Google; Acrew Capital; Y Combinator,Y Combinator Alum,Moved $1B+ in remittances to Africa/Asia 2025; Series A funding 2024,Top African fintech; First to roll out Google Pay in Africa
Selcom,Tanzania,Dar es Salaam,2001,Fintech/Payments,Mobile Money & Payments,https://www.selcom.net/,https://tz.linkedin.com/company/selcom,info@selcom.net,+255 22 2 668 600,Dar es Salaam,Sameer Hirji (Co-Founder & Executive Director),N/A,Julius Ruwaichi (CEO - Microfinance Bank),100+,$15M+,$25M+ (estimated),Merchant payments; Agency banking; Card issuing; Mobile money; POS services; Selcom Pesa,USSD; Cloud; Payment rails,25000+ POS terminals; Banks; Retailers,Neo Bank launch (Selcom Pesa) 2024,Tigo Pesa interoperability; NALA partnership,Bank of Tanzania license; TCRA license,Acquired Access Microfinance Bank 2023; Selcom Pesa neo-bank pilot 2024,Largest payments company in Tanzania; 100000+ merchants
Ramani,Tanzania,Dar es Salaam,2019,Fintech/Supply Chain,CPG Supply Chain Digitization,https://ramani.io/,https://tz.linkedin.com/company/ramani-io,hello@ramani.io,N/A,Dar es Salaam,Martin Kibeti (Co-Founder),Usiri Brothers (Co-Founders),N/A,30+,$8M+,$32M Series A (2022),Inventory management; Procurement software; POS systems; Micro-credit,Cloud-based; Real-time analytics,MDCs (Micro-distribution centers); CPG brands; Resellers,Finance marketplace launches; TCB partnership 2024,Stanbic Bank; TCB; CPG brands,Y Combinator; Central Bank lending license,Series A 2022; TCB/Stanbic partnerships 2024,Supply chain digitization leader; Finance marketplace innovator
Vodacom Tanzania,Tanzania,Dar es Salaam,2000,Telecommunications,Mobile Money & Digital Services,https://www.vodacom.co.tz/mpesa,https://tz.linkedin.com/company/vodacom-tanzania,N/A,+255 22 2 102 100,Dar es Salaam,CEO varies,N/A,Leadership team (15.6M+ customers),1000+,$200M+,$500M+ (parent company),M-Pesa mobile money; 5G internet; Digital payments; Software development,4G/5G networks; Cloud infrastructure,15.6M+ customers; Tanzanian population,M-Pesa expansion projects; 5G rollout,M-Pesa global network; Vodacom Group,Telecom license; ISO certifications,5G deployment 2024; M-Pesa innovations,Largest telecom operator in Tanzania
Tigo Pesa,Tanzania,Dar es Salaam,2010,Fintech,Mobile Money & Payments,https://www.tigo.co.tz/,https://tz.linkedin.com/company/tigo-tanzania,N/A,+255 22 1 170 000,Dar es Salaam,Tigo Tanzania Leadership,N/A,Management team,500+,$50M+,$100M+ (parent),Mobile money; Payment services; Interoperable transfers,Mobile networks; Payment rails; USSD,Tigo customers; Airtel; Vodacom; Zantel,Interoperability launches; Service expansions,Airtel Money; Vodacom M-Pesa; Zantel partnership,Telecom license,Interoperable mobile money 2024; First universal network,Africa's first universal interoperable mobile money network
Elsa Health,Tanzania,Dar es Salaam,2017,HealthTech,AI Clinical Decision Support,https://www.elsa.health/,https://www.linkedin.com/company/elsahealth,hello@elsa.health,N/A,Dar es Salaam,N/A,N/A,Megan Allen (Head of Operations),20+,$2M+,$8M+ (estimated),AI clinical algorithms; Health Assistant; Decision support; Data analytics,Machine learning; AI; Cloud infrastructure,Healthcare providers; Hospitals; Clinics,Health system integrations; Service expansions,UNICEF; MIT Solve; Healthcare organizations,MIT Solve recognition; UNICEF innovation fund,AI healthcare solutions 2024; UNICEF partnerships,Leading AI healthcare platform in East Africa
Mdundo,Tanzania,Dar es Salaam,2013,Music Tech,Music Streaming/Downloads,https://mdundo.com/,https://www.linkedin.com/company/mdundo,N/A,N/A,Dar es Salaam,Martin Nielsen (CEO & Co-Founder),N/A,Francis Amisi (Co-Founder),50+,$3M+,$6.4M Series A (2020),Music downloads; Music streaming; Artist royalties; Ad-supported platform,Mobile app; Web platform; CDN infrastructure,3.5M active users; 300000+ artists,Expanded territories; Artist payment scaling,Music labels; Telco partnerships (Tanzania),Telecom partnerships agreement,Paid $1M royalties H1 2025; 3.5M MAU; Tanzania 13% of user base,Largest music platform in East Africa
Jamborow,Tanzania,Dar es Salaam,2016,Fintech/B2B,B2B Financial Inclusion Platform,https://jamborow.com/,https://www.linkedin.com/company/jamborow-ltd,N/A,N/A,Dar es Salaam,CEO varies,N/A,Management team,30+,$2M+,$2M+ funding,KYC digitization; Credit scoring; Savings groups platform; Lending marketplace; VAS integration,AI/ML; Blockchain; Cloud,Savings groups; Cooperatives; Lending institutions,Platform integrations; Territory expansion,Micro-lending institutions; Healthcare providers; Insurance partners,Impact focus certification,Onboarded 7 institutions; 27M users across 8 countries 2024,Digital inclusion platform; Unbanked market focus
Kuunda,Tanzania,Dar es Salaam,2019,Fintech,Credit Scoring & Lending,https://kuunda.io/ (estimated),https://www.linkedin.com/company/kuunda (estimated),N/A,N/A,Dar es Salaam,N/A,N/A,N/A,15+,$1.5M+,$7.5M Series A prep (2024),Kuunda Pesa credit product; M-Pesa credit integration; Credit scoring,Mobile-first; Cloud; API,M-Pesa users; Savings groups; SMEs,M-Pesa integration; Series A preparation,M-Pesa partnership; Savings groups,M-Pesa integration,Series A prep 2024; Powers M-Pesa's biggest credit product,Credit innovation for mobile money
iPF Softwares,Tanzania,Dar es Salaam,2015,Software Development,Custom Software Development,https://www.ipfsoftwares.com/,https://www.linkedin.com/company/ipf-softwares,contact@ipfsoftwares.com,+255 22 2 917 720,Dar es Salaam; Lusaka; Gaborone,CEO varies,N/A,Management team,25+,$1.5M+,$500K+ (estimated),Custom software; AI solutions; Mobile apps; Web development; Digital strategy,Python; JavaScript; AI/ML; Cloud,International clients; Regional offices,Digital transformation projects,Regional expansion (Zambia; Botswana),Tanzania's Best Software Development Company 2021,Established offices in 3 African countries 2023,Regional software development leader
Code District,Tanzania,Dar es Salaam,2012,Software Development,Custom Software Development,https://codedistrict.com/ (estimated),N/A,hello@codedistrict.com (estimated),N/A,Dar es Salaam,CEO varies,N/A,Engineering management,100+,$5M+,$2M+ (estimated),Full-stack web development; Mobile apps (iOS/Android); Front-end/back-end development,JavaScript; Python; Native mobile,Diverse clients; 90%+ satisfaction,Custom development projects,Local partnerships,High client ratings,90% client recommendation; Responsive PM; Cost-effective delivery,100+ engineers; Custom development specialist
Wider Systems,Tanzania,Dar es Salaam,2015,Software Development,Software Development & IT Services,https://www.widersystems.co.tz/,https://www.linkedin.com/company/wider-systems,N/A,+255 22 2 120 600,Dar es Salaam,CEO varies,N/A,Management team,20+,$800K+,$250K+ (estimated),Software development; System integration; IT consulting; Web development,Multiple languages; Cloud,SMEs; Corporate clients,System integration projects,Local IT ecosystem partnerships,Service certifications,Local market focus 2024,Growing software services provider
Teknomira Business Solutions,Tanzania,Arusha,2020,Digital Marketing/IT,Digital Marketing & Web Services,https://www.teknomira.co.tz/ (estimated),N/A,hello@teknomira.co.tz (estimated),N/A,Arusha,CEO varies,N/A,Team,5-10,$150K+,$50K+ (estimated),Digital marketing; Web development; SEO; Social media marketing,WordPress; PHP; Google Analytics,SMEs; Local businesses,250+ online marketing campaigns,Local Arusha market partnerships,$70-150/hour rates; 250+ campaigns 5 years,Competitive rates leader,Arusha-based growth; 250+ successful campaigns
Create Agency,Tanzania,Dar es Salaam,2018,Digital Marketing,Digital Marketing & Design,https://createagency.co.tz/ (estimated),N/A,hello@createagency.co.tz (estimated),N/A,Kunduchi Road; Dar es Salaam,CEO varies,N/A,Team,10+,$400K+,$150K+ (estimated),Digital marketing; Brand design; Social media; Content marketing,Design tools; Web platforms; Advertising,International & local brands,Marketing campaigns; Brand work,Client partnerships,100% client recommendation rate,100% satisfaction rating 2024,Digital transformation specialist; Marketing focus
Vuma Africa,Tanzania,Dar es Salaam,2014,Software Development,Custom Software Development,https://vumafrica.com/ (estimated),N/A,hello@vumafrica.com (estimated),N/A,Dar es Salaam,CEO varies,N/A,Team,15+,$800K+,$300K+ (estimated),Custom software; IT managed services; Software development,Multiple technologies; Cloud,Corporate clients; SMEs,Development projects,Local partnerships,Service certifications,Software development focus 2024,Regional operator; IT services provider
Nexis Africa,Tanzania,Dar es Salaam,2017,IoT Development,IoT & Custom Software,https://nexisafrica.com/ (estimated),N/A,info@nexisafrica.com (estimated),N/A,Dar es Salaam,CEO varies,N/A,Team,8+,$400K+,$100K+ (estimated),IoT development; Embedded systems; Custom software,IoT platforms; Arduino; Embedded C,Manufacturing; Logistics; Agriculture,IoT system deployments,Industry partnerships,Technical certifications,IoT solutions focus 2024,Emerging IoT specialist
Elegant Codes,Tanzania,Dar es Salaam,2019,Web Development,Web Development & Digital Marketing,https://elegantcodes.co.tz/ (estimated),N/A,hello@elegantcodes.co.tz (estimated),N/A,Dar es Salaam,CEO varies,N/A,Team,5-10,$150K+,$30K+ (estimated),Web development; SEO; Digital marketing; Web design,HTML; CSS; JavaScript; WordPress,SMEs; E-commerce businesses,Digital projects,Digital marketing partnerships,$70-150/hour; Startup-friendly,Web development growth 2024,Emerging web development agency
Rwebi's Company Limited,Tanzania,Dar es Salaam,2024,Software Development,Software Solutions & Digital Services,https://rwebi.co.tz/ (estimated),N/A,hello@rwebi.co.tz (estimated),N/A,Dar es Salaam,CEO varies,N/A,Team,2-9,$100K+,$50K+ (estimated),Software development; Digital solutions; System design,Modern stack; Cloud,Early-stage clients,Solution deployments,Emerging partnerships,$70-150/hour rates; 2024 entry,New entrant to market 2024,Rapidly growing startup
Vortan,Tanzania,Dar es Salaam,2024,IoT/Embedded Systems,IoT & Automation Solutions,https://vortan.tech/ (estimated),N/A,hello@vortan.tech (estimated),N/A,Dar es Salaam,CEO varies,N/A,Team,5-10,$100K+,$50K+ (estimated),IoT systems; Embedded systems; Hardware-software integration; Automation,IoT platforms; Embedded systems; AI,Manufacturing; Logistics; Smart systems,System deployments,Technology partnerships,Technical certifications,IoT innovation focus 2024,New IoT innovator; Automation specialist
Hepha,Tanzania,Dar es Salaam,2016,Digital Agency,Design & Software Development,https://hepha.co.tz/,https://www.linkedin.com/company/hepha,hello@hepha.co.tz,N/A,Dar es Salaam,CEO varies,N/A,Team,15+,$600K+,$200K+ (estimated),Product design; Web development; Mobile apps; UI/UX; AI/ML solutions; IT outsourcing; Branding,JavaScript; Python; Design tools; AI/ML,Global clients; Startups; SMEs,Design & development projects,International partnerships,Design excellence awards,Multi-service expansion 2024,Full-service digital agency
Nougat Technologies,Tanzania,Arusha,2015,Mobile Development,Mobile App Development,https://nougat.co.tz/ (estimated),N/A,hello@nougat.co.tz (estimated),N/A,Arusha,CEO varies,N/A,Team,5-10,$150K+,$75K+ (estimated),Mobile app development; App marketing; Custom software,iOS; Android; Cross-platform,SMEs; App developers,App development projects,App ecosystem partnerships,App development certifications,Arusha tech hub focus 2024,Arusha-based mobile specialist
GetCore Group,Tanzania,Dar es Salaam,2015,Software Development,Software Development Services,https://getcore.co.tz/ (estimated),N/A,hello@getcore.co.tz (estimated),N/A,Dar es Salaam,CEO varies,N/A,Team,15+,$600K+,$200K+ (estimated),Custom software; Web applications; System development,Multiple languages; Cloud,Corporate clients; SMEs,Software projects,Local partnerships,Service certifications,Market presence growth 2024,Leading software services firm
CodeLab Inc.,Tanzania,Dar es Salaam,2015,Software Development,Software & App Development,https://codelab.co.tz/,https://www.linkedin.com/company/codelab-inc,hello@codelab.co.tz,N/A,Dar es Salaam,CEO varies,N/A,Team,20+,$800K+,$300K+ (estimated),Custom software; Mobile apps; Web applications; System integration,Modern stack; Cloud infrastructure,Corporate clients; Startups,Development projects,Local partnerships,Development certifications,Regional expansion 2024,Established development services
EnterSoft Systems Ltd,Tanzania,Dar es Salaam,2008,IT Consulting,System Integration & ICT Solutions,https://entersoft.co.tz/site/,https://tz.linkedin.com/company/entersoft-systems-ltd,info@entersoft.co.tz,+255 22 2 122 100,Dar es Salaam,CEO varies,N/A,Leadership team,30+,$1.2M+,$400K+ (estimated),Technology integration; ICT solutions; System consulting; Hardware supply,Enterprise systems; Cloud; Networks,Government; Corporate; SMEs,System integration projects,Government partnerships,Systems integration expertise,Enterprise market focus 2024,Complete technology integrator
Bluechip Technologies,Tanzania,Dar es Salaam,2012,IT Services,IT Managed Services,https://bluechip.co.tz/ (estimated),N/A,hello@bluechip.co.tz (estimated),N/A,Dar es Salaam,CEO varies,N/A,Team,20+,$800K+,$250K+ (estimated),IT managed services; Support; Infrastructure; Cloud services,Cloud platforms; IT systems,Corporate clients; SMEs,Managed service contracts,Service partnerships,IT service certifications,Service growth 2024,Established managed services provider
Pangisha,Tanzania,Dar es Salaam,2018,PropTech,Property Management Software,https://pangisha.com/,https://www.linkedin.com/company/pangisha,hello@pangisha.com,N/A,Dar es Salaam,CEO varies,N/A,Team,8+,$300K+,$150K+ (estimated),Property management software; Real estate solutions; Tenant management,Cloud-based SaaS; Web/mobile,Property managers; Real estate companies,Property management deployments,Real estate partnerships,PropTech certification,Tanzania #1 property software 2024,Tanzania's leading property tech
VISION Software,Tanzania,Dar es Salaam,2012,HR/Payroll,Payroll & HR Software,https://visionsoftware.co.tz/payroll-hrm/,https://www.linkedin.com/company/vision-software-tanzania,info@visionsoftware.co.tz,+255 22 2 123 456,Dar es Salaam,CEO varies,N/A,Team,20+,$800K+,$300K+ (estimated),Payroll processing; HRIS; Attendance management; Leave management; Tax compliance,Desktop/Cloud; Database systems,Audit firms; Corporate; Manufacturing; Healthcare; Hospitality,Payroll system deployments,Regional partnerships,East African payroll certification,Auditor-trusted systems 2024,Market-leading payroll solution
Powerpay,Tanzania,Dar es Salaam,2008,HR/Payroll,Payroll & HR Management,https://tanzaniapayroll.co.tz/,https://www.linkedin.com/company/powerpay-tanzania,support@tanzaniapayroll.co.tz,N/A,Dar es Salaam,CEO varies,N/A,Team,15+,$600K+,$200K+ (estimated),Payroll 3.0; HR management; Attendance tracking; Compliance; Employee self-service,Web-based; Cloud; Mobile,Manufacturing; Healthcare; Hospitality; Banking; Transport,Payroll system implementations,Industry partnerships,Compliance certification,15+ years trusted operations 2024,Established payroll market leader
PayTan,Tanzania,Dar es Salaam,2015,HR/Payroll,Payroll & HR Software,https://paytan.co.tz/,https://www.linkedin.com/company/paytan,support@paytan.co.tz,N/A,Dar es Salaam,CEO varies,N/A,Team,12+,$500K+,$150K+ (estimated),Payroll automation; HRIS; Tax compliance; East African solutions,Cloud-based; Mobile-friendly,SMEs; Corporate; Government,Payroll deployments,Regional partnerships,East African compliance,East Africa multi-country solution 2024,Regional payroll specialist
Workpay,Tanzania,Dar es Salaam,2018,HR/Payroll,HR & Payroll Software,https://www.myworkpay.com/,https://www.linkedin.com/company/workpay,hello@workpay.com,N/A,Dar es Salaam; Multiple African cities,CEO varies,N/A,Team,25+,$1M+,$500K+ (estimated),People management; Payroll; Employee benefits; Compliance automation,Cloud-based; Mobile platform,400+ companies; SMEs; Corporate,HR automation implementations,Regional expansion,Compliance certifications,Expansion to Tanzania 2023; 400+ companies,Pan-African HR platform
Easy Track,Tanzania,Dar es Salaam,2010,Fleet Management,GPS Tracking & Fleet Management,https://easytrackafrica.com/,https://www.linkedin.com/company/easy-track-africa,support@easytrackafrica.com,N/A,Dar es Salaam,CEO varies,N/A,Team,20+,$800K+,$250K+ (estimated),Vehicle tracking; Fleet management; Cargo monitoring; Real-time tracking,GPS; Telematics; Cloud,Logistics companies; Transport operators; SMEs,Fleet tracking deployments,Wialon partnership,Wialon Top 10 Africa 2023,Top 10 Africa fleet tracking 2023,GPS tracking leader
Utrack Africa Limited,Tanzania,Dar es Salaam,2007,Fleet Management,GPS Tracking & Fleet Management,https://www.utrackafrica.com/,https://www.linkedin.com/company/utrack-africa-limited,support@utrackafrica.com,N/A,Dar es Salaam,CEO varies,N/A,Team,25+,$1M+,$350K+ (estimated),Vehicle tracking; Fleet management; Fuel management; Cargo tracking,GPS; Telematics; Cloud platforms,Logistics; Transport; Multinational companies,Fleet tracking implementations,Wialon partnership,Wialon Silver Partner; 15+ years experience,15+ years expertise; Wialon partner 2024,Market-leading fleet tracking
Tramigo,Tanzania,Dar es Salaam,2015,Fleet Management,GPS Tracking & Vehicle Management,https://tramigo.com/tz-en/,https://www.linkedin.com/company/tramigo,support@tramigo.com,N/A,Dar es Salaam,CEO varies,N/A,Team,15+,$600K+,$200K+ (estimated),Vehicle tracking; Fleet management; Telematics; Real-time monitoring,GPS; Telematics; Multi-network,Logistics; Transport SMEs; Fleet operators,Tracking system deployments,Device partnerships,Technical certifications,Growth in East Africa 2024,Multi-network fleet solutions
Frotcom,Tanzania,Dar es Salaam,2016,Fleet Management,Intelligent Vehicle Tracking,https://www.frotcom.com/contacts/tanzania,https://www.linkedin.com/company/frotcom,support@frotcom.com,N/A,Dar es Salaam,CEO varies,N/A,Team,12+,$500K+,$150K+ (estimated),Vehicle tracking; Fleet management; Fuel optimization; Productivity increase,GPS; Cloud analytics; Mobile,Logistics; Transport; Large fleets; SMEs,Fleet management implementations,Frotcom distributor partnership,Fleet management specialization,Productivity improvement focus 2024,Intelligent tracking innovator
SAS Logistics,Tanzania,Dar es Salaam,2006,Logistics/Tech,3PL & Digital Logistics,https://www.sas-logistics.co.tz/,https://www.linkedin.com/company/sas-logistics-ltd,info@sas-logistics.co.tz,N/A,Dar es Salaam,CEO varies,N/A,Team,50+,$2M+,$500K+ (estimated),Third-party logistics; Supply chain management; Warehousing; Real-time tracking; Technology integration,Cloud systems; GPS; ERP,Manufacturing; Retail; Import/Export,Logistics contracts,Vendor partnerships,Logistics certifications,Supply chain digitization 2024,Veteran 3PL operator; Technology leader
Greenlink ReGen,Tanzania,Arusha,2008,SolarTech,Large-Scale Solar Solutions,https://greenlink-regen.com/,https://www.linkedin.com/company/greenlink-regen,info@greenlink-regen.com,N/A,Arusha; Zanzibar,CEO varies,N/A,Team,30+,$1.2M+,$400K+ (estimated),Solar photovoltaic systems; Commercial solar; Industrial solutions; Remote electrification,Solar technology; Engineering,Lodges; Islands; Factories; Hospitals; Offices,Solar system installations,Equipment partnerships,Technical expertise; 15+ years,15+ years solar experience 2024,Solar leader in East Africa
Simusolar,Tanzania,Dar es Salaam,2015,SolarTech,Solar Energy Solutions,https://simusolar.co.tz/ (estimated),https://www.linkedin.com/company/simusolar,info@simusolar.co.tz (estimated),N/A,Dar es Salaam,CEO varies,N/A,Team,10+,$400K+,$150K+ (estimated),Solar solutions; Energy systems; Installation; Consulting,Solar technology; Engineering,Residential; Commercial; Industrial,Solar deployment projects,Solar industry partnerships,Technical certifications,Solar deployment growth 2024,Growing solar provider
WAGA Technologies,Tanzania,Dar es Salaam,2018,CleanTech,Sustainable Energy Solutions,https://wagatechnologies.com/ (estimated),https://www.linkedin.com/company/waga-technologies,hello@waga.tech (estimated),N/A,Dar es Salaam,CEO varies,N/A,Team,15+,$500K+,$250K+ (estimated),WAGA PAWA battery systems; Solar-powered batteries; Off-grid solutions,Lithium-ion; Solar; IoT,Homes; Shops; Schools; Communities,Energy system deployments,Solar/battery partnerships,Environmental certifications,Off-grid innovation focus 2024,Battery-solar integration innovator
Rafiki Power,Tanzania,Dar es Salaam,2017,SolarTech,Solar Energy,https://rafikipowertz.com/ (estimated),https://www.linkedin.com/company/rafiki-power,info@rafikipowertz.com (estimated),N/A,Dar es Salaam,CEO varies,N/A,Team,12+,$500K+,$200K+ (estimated),Solar power systems; Energy solutions; Installation,Solar technology; Engineering,Residential; Commercial; Industrial,Solar installations; Service contracts,Industry partnerships,Technical certifications,Solar deployment focus 2024,Solar services provider
BioBuu,Tanzania,Dar es Salaam,2016,AgriTech,Waste-to-Feed Technology,https://biobuu.co.tz/ (estimated),https://www.linkedin.com/company/biobuu,hello@biobuu.co.tz (estimated),N/A,Dar es Salaam,CEO varies,N/A,Team,10+,$400K+,$200K+ (estimated),Black soldier fly farming; Protein feed; Waste recycling; Organic solutions,Biotech; Agriculture systems,Farmers; Livestock operators; Waste generators,Bio-fertilizer & feed production,Agriculture partnerships,Organic/environmental certifications,Waste-to-value innovation 2024,AgriTech sustainability leader
MazaoHub,Tanzania,Dar es Salaam,2019,AgriTech,AI Farm Management,https://mazaohub.com/ (estimated),https://www.linkedin.com/company/mazaohub,hello@mazaohub.com (estimated),N/A,Dar es Salaam,CEO varies,N/A,Team,8+,$300K+,$150K+ (estimated),AI farm management; Soil analytics; Climate data; Real-time advice,AI; ML; GIS; Satellite imagery,Smallholder farmers; Agribusinesses,Farm management service deployments,Agricultural partnerships; Research institutions,Data partnership agreements,AI agriculture focus 2024,AgriTech AI specialist
NovFeed,Tanzania,Dar es Salaam,2018,AgriTech,Insect-Based Protein Feed,https://novfeed.io/ (estimated),https://www.linkedin.com/company/novfeed,hello@novfeed.io (estimated),N/A,Dar es Salaam,CEO varies,N/A,Team,12+,$500K+,$250K+ (estimated),Insect protein; Sustainable livestock feed; Production systems,Biotech; Entomology,Livestock operators; Feed manufacturers; Agribusinesses,Protein feed production; Distribution,Agricultural partnerships; Export partnerships,Sustainability certifications,Sustainable protein innovation 2024,Agribusiness sustainability innovator
Bizy Tech Limited,Tanzania,Dar es Salaam,2020,AgriTech,AI & Climate Adaptation,https://bizytech.co.tz/ (estimated),https://www.linkedin.com/company/bizy-tech,hello@bizytech.co.tz (estimated),N/A,Dar es Salaam,CEO varies,N/A,Team,8+,$300K+,$100K+ (estimated),AI advisory; Satellite imagery; Climate analysis; Farmer guidance,AI; ML; Satellite; Cloud,Smallholder farmers; Agribusinesses,Farm management guidance; Service contracts,Agricultural research partnerships,Climate tech certifications,AI agriculture focus 2024,Climate adaptation specialist
Imara Tech,Tanzania,Dar es Salaam,2019,AgriTech,Agricultural Machinery,https://imaratech.co.tz/ (estimated),https://www.linkedin.com/company/imara-tech,hello@imaratech.co.tz (estimated),N/A,Dar es Salaam,CEO varies,N/A,Team,15+,$600K+,$250K+ (estimated),Affordable farm machinery; Mechanization; Equipment rental; Productivity tools,Agricultural engineering; Equipment,Smallholder farmers; Agricultural operators,Machinery provision; Rental services,Agricultural partnerships,Equipment certifications,Mechanization focus 2024,Farmtech equipment provider
Mtabe,Tanzania,Dar es Salaam,2019,EdTech,AI-Powered Learning Platform,https://mtabe.co.tz/,https://www.linkedin.com/company/mtabe,hello@mtabe.co.tz,N/A,Dar es Salaam,CEO varies,N/A,Team,10+,$400K+,$200K+ (estimated),Personalized learning; Quizzes; Study materials; Real-time feedback; AI tutoring,AI; Mobile app; Cloud,Students; Educational institutions,Learning platform subscriptions,Education partnerships; Government UNDP,UNDP Funguo Program funding; Education focus,UNDP funded 2024; AI education focus,EdTech innovation leader
M-Jangale,Tanzania,Dar es Salaam,2018,EdTech,Education Platform,https://mjangale.co.tz/ (estimated),https://www.linkedin.com/company/mjangale,hello@mjangale.co.tz (estimated),N/A,Dar es Salaam,CEO varies,N/A,Team,8+,$300K+,$150K+ (estimated),EdTech platform; Educational content; Student engagement; Curriculum alignment,Mobile app; Cloud; Web,Students; Schools; Teachers,Educational service delivery,School partnerships; Content partnerships,Education certifications,EdTech innovation focus 2024,Education revolution platform
Silabu (SmartClass),Tanzania,Dar es Salaam,2018,EdTech,Online Tutoring Platform,https://silabu.app/ (estimated),https://www.linkedin.com/company/silabu,hello@silabu.app (estimated),N/A,Dar es Salaam,Founded by UDSM Students,N/A,Team,8+,$300K+,$150K+ (estimated),Online tutoring; Student-tutor matching; Hybrid learning; Certification,Mobile app; Web; Matching algorithms,Students; Teachers; Parents,Tutoring service platform,Educational institution partnerships,University spin-off certification,University of Dar es Salaam startup 2018,EdTech tutor marketplace
Ubongo,Tanzania,Dar es Salaam,2012,EdTech/Media,Edutainment & Learning,https://www.ubongo.tv/,https://www.linkedin.com/company/ubongo,hello@ubongo.tv,N/A,Dar es Salaam,CEO varies,N/A,Team,25+,$1M+,$500K+ (estimated),Ubongo Kids (animated content); Math & science education; Interactive learning,Animation; Media production; Web/mobile,Children; Schools; Families; Broadcast,Educational content production; Broadcasting,Broadcast partnerships; NGO partnerships,Media production expertise; Social enterprise,Tanzanian media leader 2024,Leading African edutainment company
SmartDarassa,Tanzania,Dar es Salaam,2019,EdTech,Curriculum-Aligned Learning,https://smartdarassa.co.tz/ (estimated),https://www.linkedin.com/company/smartdarassa,hello@smartdarassa.co.tz (estimated),N/A,Dar es Salaam,CEO varies,N/A,Team,10+,$400K+,$150K+ (estimated),Localized curriculum content; Interactive lessons; Student engagement,Mobile app; Web; Cloud,Students; Teachers; Schools,Educational platform service,School partnerships; Ministry coordination,Education standards certifications,Curriculum alignment innovation 2024,Local curriculum specialist
Shule Direct,Tanzania,Dar es Salaam,2017,EdTech,Digital Learning Platform,https://shuledirect.co.tz/,https://www.linkedin.com/company/shule-direct,hello@shuledirect.co.tz,N/A,Dar es Salaam,CEO varies,N/A,Team,12+,$500K+,$200K+ (estimated),Video lessons; Quizzes; Study materials; Localized content; Past papers,Video platform; LMS; Mobile app,Students; Teachers; Educational institutions,Learning platform subscriptions; School partnerships,Educational institution partnerships; Content partnerships,Educational technology certification,Digital learning focus 2024,Learning content platform
Elimu Yetu,Tanzania,Dar es Salaam,2016,EdTech,Digital Curriculum Platform,https://elimuyetu.co.tz/ (estimated),https://www.linkedin.com/company/elimu-yetu,hello@elimuyetu.co.tz (estimated),N/A,Dar es Salaam,CEO varies,N/A,Team,8+,$300K+,$100K+ (estimated),Curriculum content; Interactive lessons; Practice exams; Revision notes,Content platform; Mobile app; Web,Students; Teachers,Digital content delivery,Educational partnerships,Curriculum alignment certifications,Curriculum-focused platform 2024,Educational content provider
Jamii Africa,Tanzania,Dar es Salaam,2015,FinTech,Micro-Insurance,https://jamiihealth.co.tz/ (estimated),https://www.linkedin.com/company/jamii-africa,hello@jamiihealth.co.tz (estimated),N/A,Dar es Salaam,Lilian Makoi (Co-Founder & CEO),N/A,Team,12+,$400K+,$200K+ (estimated),Mobile micro-insurance; Health insurance; Affordable coverage; Community focus,Mobile app; Cloud; Payment integration,Low-income communities; Families; Informal sector,Insurance policy distribution; Premium collections,Health insurance partnerships; Community partnerships,Insurance certifications; WEF recognition 2016,WEF 30 Under 35 innovator 2016; Women-led startup,Women-led fintech pioneer
Maternia,Tanzania,Dar es Salaam,2017,MedTech,Maternal Health Device,https://maternia.co.tz/ (estimated),https://www.linkedin.com/company/maternia,hello@maternia.co.tz (estimated),N/A,Dar es Salaam,Zainab Dakik (Co-Founder),N/A,All-women founding team,8+,$300K+,$200K+ (estimated),Low-cost medical device; Stillbirth prevention; Healthcare innovation,Medical device design; Low-tech solutions,Healthcare facilities; Hospitals; Maternal health programs,Medical device implementations; Hospital partnerships,Healthcare institution partnerships; NGO partnerships,Medical device certifications; Social impact focus,Women-led health innovation 2024,Maternal health innovation pioneer
Yebi Health,Tanzania,Dar es Salaam,2018,HealthTech,Medical Supply Chain,https://yebihealth.co.tz/ (estimated),https://www.linkedin.com/company/yebi-health,hello@yebihealth.co.tz (estimated),N/A,Dar es Salaam,CEO varies,N/A,Team,10+,$400K+,$150K+ (estimated),Medical supply chain management; Accessibility solutions; Medicine distribution,Supply chain platform; Mobile app; Cloud,Healthcare facilities; Pharmacies; Patients,Medicine supply chain service,Healthcare provider partnerships,Healthcare logistics certification,Supply chain efficiency focus 2024,Medical supply chain optimizer
HealthHub,Tanzania,Dar es Salaam,2017,HealthTech,Health Services Platform,https://healthhubtz.co.tz/ (estimated),https://www.linkedin.com/company/healthhub-tanzania,hello@healthhub.tz (estimated),N/A,Dar es Salaam,CEO varies,N/A,Team,12+,$500K+,$200K+ (estimated),Medical service aggregation; Healthcare provider network; Patient access; Telemedicine,Healthcare platform; Mobile app; Cloud,Patients; Healthcare providers; Insurance companies,Healthcare service delivery; Telemedicine platforms,Healthcare provider partnerships; Telehealth partnerships,Healthcare service certifications,Healthcare access innovation 2024,Healthcare service aggregator
Magilatech,Tanzania,Dar es Salaam,2015,Software Development,Software & Tech Solutions,https://www.magilatech.co.tz/,https://www.linkedin.com/company/magilatech,hello@magilatech.co.tz,N/A,Dar es Salaam,CEO varies,N/A,Team,15+,$600K+,$200K+ (estimated),Web development; Mobile apps; Custom software; Tech consulting,Multiple technologies; Cloud,SMEs; Corporate; Startups,Software development projects,Client partnerships,Development certifications,Software focus growth 2024,Technology solutions provider
AI Technologies Group,Tanzania,Dar es Salaam,2016,AI/Software,Software & AI Development,https://www.aitechnologies.co.tz/,https://www.linkedin.com/company/ai-technologies-group,hello@aitechnologies.co.tz,N/A,Dar es Salaam,CEO varies,N/A,Team,20+,$800K+,$300K+ (estimated),Software development; AI solutions; Digital innovation; International marketing,AI; ML; Modern software stack,Global & local clients,AI/ML solution deployments,International technology partnerships,AI development certifications,AI-focused innovation 2024,AI software innovator
Neurotech Africa,Tanzania,Dar es Salaam,2022,Data Analytics,Big Data & AI Analytics,https://neurotechafrica.co.tz/ (estimated),https://www.linkedin.com/company/neurotech-africa,hello@neurotechafrica.co.tz (estimated),N/A,Dar es Salaam,CEO varies,N/A,Team,8+,$300K+,$100K+ (estimated),Big data analytics; BI & consulting; AI applications; Data-driven solutions,Big data platforms; AI; ML; Analytics,Corporate clients; Government agencies; Research institutions,Analytics service contracts; BI implementations,Data partnership agreements,Analytics certifications,Data analytics focus 2024,Big data & analytics specialist
Settlo,Tanzania,Dar es Salaam,2019,FinTech,Savings & Investment Platform,https://settlo.app/ (estimated),https://www.linkedin.com/company/settlo,hello@settlo.app (estimated),N/A,Dar es Salaam,CEO varies,N/A,Team,10+,$400K+,$150K+ (estimated),Savings groups; Digital wallets; Investment opportunities; Community finance,Fintech platform; Mobile app; Cloud,Savings groups; Individual savers; Communities,Digital savings service delivery,Financial institution partnerships,Fintech certifications; UNDP Funguo funding,UNDP funded 2024; Savings innovation,Financial inclusion fintech
Swahilies,Tanzania,Dar es Salaam,2020,FinTech,Financial Services Platform,https://swahilies.co.tz/ (estimated),https://www.linkedin.com/company/swahilies,hello@swahilies.co.tz (estimated),N/A,Dar es Salaam,CEO varies,N/A,Team,8+,$300K+,$100K+ (estimated),Financial services; Digital banking; Mobile payments; Accessibility,Fintech platform; Mobile app,Underserved populations; SMEs,Financial service delivery,Financial institution partnerships,Baobab Network funding,Pre-seed $50K Baobab Network 2022,Financial services innovator
Waga (Financial Services),Tanzania,Dar es Salaam,2019,FinTech,Financial Inclusion Platform,https://wagafinance.co.tz/ (estimated),https://www.linkedin.com/company/waga-finance,hello@waga.finance (estimated),N/A,Dar es Salaam,CEO varies,N/A,Team,10+,$400K+,$150K+ (estimated),Mobile financial services; Savings accounts; Credit access; Insurance,Fintech platform; Mobile app; Cloud,Low-income populations; Informal sector; Communities,Financial service distribution,Financial institution partnerships; Insurance partnerships,Fintech & insurance certifications; UNDP Funguo,UNDP funded; Financial inclusion focus,Financial inclusion innovator
Sheria Kiganjani,Tanzania,Dar es Salaam,2018,LegalTech,Legal Information Platform,https://sheriakiganjani.co.tz/ (estimated),https://www.linkedin.com/company/sheria-kiganjani,hello@sheria.co.tz (estimated),N/A,Dar es Salaam,CEO varies,N/A,Team,8+,$300K+,$150K+ (estimated),Legal information; Rights awareness; Justice access; Law resource platform,Web/mobile platform; Database; Cloud,Citizens; Legal services seekers; Community groups,Legal information service delivery,NGO & civil society partnerships,Legal information certification; UNDP Funguo,UNDP funded; Legal access focus,Legal information democratizer
Amala,Tanzania,Dar es Salaam,2019,FinTech,Digital Financial Services,https://amala.co.tz/ (estimated),https://www.linkedin.com/company/amala-finance,hello@amala.co.tz (estimated),N/A,Dar es Salaam,CEO varies,N/A,Team,8+,$300K+,$150K+ (estimated),Digital wallet; Bill payments; Money transfers; Savings,Fintech platform; Mobile app,General population; SMEs,Financial service delivery,Telecom & financial partnerships,Fintech certifications; UNDP Funguo,UNDP funded; Digital finance focus,Digital financial services provider
MipangoApp,Tanzania,Dar es Salaam,2016,FinTech,Insurance & Savings Platform,https://mipangoapp.com/ (estimated),https://www.linkedin.com/company/mipangoapp,hello@mipangoapp.co (estimated),N/A,Dar es Salaam,Lilian Makoi (Co-Founder & CEO),N/A,Team,10+,$400K+,$150K+ (estimated),Micro-insurance; Savings schemes; Financial inclusion; Community financing,Fintech mobile app; Cloud platform,Low-income communities; Informal sector; Savings groups,Insurance & savings product distribution,Insurance & savings partnerships,Fintech & insurance certifications; WEF recognition,WEF innovator recognition 2016; Women-led,Fintech insurance innovator
Tanzania Institute of Education (TIE),Tanzania,Dar es Salaam,2002,Government/EdTech,Online Education Platform,https://opschool.tie.go.tz/,https://www.linkedin.com/company/tie-tanzania,N/A,+255 22 2 670 100,Dar es Salaam,Government Director,N/A,Educational leadership,50+,$2M+,$500K+,Educational content; TIE Online Public School; Curriculum resources; Teacher support,E-learning platform; LMS; Cloud,Students; Teachers; Schools,Educational platform service delivery,Ministry of Education partnership,Government educational certification,Government education platform 2024,Official education platform provider
Camara Education Tanzania,Tanzania,Dar es Salaam,2015,EdTech/NGO,Digital Learning Centers,https://camara.or.tz/,https://www.linkedin.com/company/camara-education,info@camara.or.tz,N/A,Dar es Salaam,CEO varies,N/A,Team,20+,$600K+,$200K+ (estimated),Digital Learning Centers; ICT training; Capacity building; Community education,Computer labs; Tablets; Servers; Connectivity,Youth; Communities; Educational institutions,ICT facility provision; Training delivery,Education & NGO partnerships,NGO certification; Educational focus,Community education focus 2024,Community digital literacy provider
Umoja Labs,Tanzania,Dar es Salaam,2018,Web3/FinTech,Blockchain & Payments,https://umoja.africa/ (estimated),https://www.linkedin.com/company/umoja-labs,hello@umoja.labs (estimated),N/A,Dar es Salaam,CEO varies,N/A,Team,15+,$500K+,$300K+ (estimated),Web3 fintech; Payment rails; Credit infrastructure; Blockchain,Blockchain; Cloud; Smart contracts,Sub-Saharan Africa populations; Payment users,Blockchain service deployment; Financial infrastructure,Coinbase; Mercy Corps partnership,Blockchain & fintech certifications,Web3 innovation focus 2024,Web3 payment pioneer
EMURGO Africa,Tanzania,Dar es Salaam,2017,Blockchain,Cardano Blockchain,https://www.emurgo.africa/,https://www.linkedin.com/company/emurgo-africa,N/A,N/A,Dar es Salaam,CEO varies,N/A,Team,20+,$1M+,$500K+,Blockchain solutions; Cardano ecosystem; Investment; Commercial services,Cardano; Blockchain; Smart contracts,African blockchain users; Developers; Projects,Blockchain infrastructure deployment,Cardano (official); Investment partnerships,Blockchain expertise; Official certification,Cardano expansion focus 2024,Official Cardano arm in Africa
Olla Technologies,Tanzania,Dar es Salaam,2016,IT Consulting,ICT Solutions Provider,https://ollatechnologies.co.tz/ (estimated),https://www.linkedin.com/company/olla-technologies,hello@olla.co.tz (estimated),N/A,Dar es Salaam,CEO varies,N/A,Team,20+,$800K+,$250K+ (estimated),End-to-end ICT solutions; Consulting; System integration; Support,Enterprise systems; Cloud; Networks,Corporate; SMEs; Government,ICT solution deployments,Technology partnerships,Systems integration certification,Market leader designation 2024,Leading end-to-end ICT provider
Georgetown Group Company Limited,Tanzania,Dar es Salaam,2014,IT Consulting,Enterprise ICT Solutions,https://georgetowngroup.co.tz/ (estimated),https://www.linkedin.com/company/georgetown-group,hello@georgetown.co.tz (estimated),N/A,Dar es Salaam,CEO varies,N/A,Team,25+,$1M+,$300K+ (estimated),Enterprise ICT solutions; Consulting; System integration; Managed services,Enterprise systems; Infrastructure; Cloud,Large corporations; Government; Institutions,Enterprise solution implementations,Corporate & government partnerships,Enterprise systems certification,Enterprise market leader 2024,Enterprise solutions specialist
ICT Resellers Limited,Tanzania,Dar es Salaam,2018,IT Consulting,ERP & SI Services,https://ictresellers.co.tz/ (estimated),https://www.linkedin.com/company/ict-resellers-limited,hello@ictresellers.co.tz (estimated),N/A,Dar es Salaam; Nairobi; Bujumbura,CEO varies,N/A,Team,20+,$800K+,$250K+ (estimated),ERP consulting; System integration; Enterprise solutions; Multi-country,Enterprise systems; Cloud; ERP platforms,Large enterprises; Government agencies,ERP implementations; SI projects,Regional partnerships (Kenya; Burundi),ERP certification; Multi-country expertise,Regional expansion focus 2024,Multi-country ERP specialist
Fabonic Ltd.,Tanzania,Dar es Salaam,2012,IT Consulting,IT Consulting & Services,https://fabonic.co.tz/ (estimated),https://www.linkedin.com/company/fabonic-ltd,hello@fabonic.co.tz (estimated),N/A,Dar es Salaam,CEO varies,N/A,Team,15+,$600K+,$200K+ (estimated),Web services; Software; Hardware; Programming; Process automation,Multiple technologies; Cloud; Automation tools,SMEs; Corporate; Government,IT consulting services; Automation projects,Technology partnerships,IT consulting certification,Service diversification focus 2024,Full-service IT consultant
Satelius Inc.,Tanzania,Dar es Salaam,2010,IT Services,Hospitality & IT Solutions,https://sateliusinc.com/,https://www.linkedin.com/company/satelius-inc,hello@satelius.co.tz,N/A,Dar es Salaam,CEO varies,N/A,Team,18+,$700K+,$250K+ (estimated),Hospitality systems; Hotel management software; IT services; Support,Hospitality tech; Cloud; PMS,Hotels; Resorts; Hospitality businesses,Hospitality system implementations,Hospitality partner networks,Hospitality specialization; Technical certification,Hospitality sector focus 2024,Hospitality IT specialist
ITL (Information Technology Limited),Tanzania,Dar es Salaam,2008,IT Services,IT Services & Support,https://itl.co.tz/,https://www.linkedin.com/company/itl-information-technology-limited,hello@itl.co.tz,N/A,Dar es Salaam,CEO varies,N/A,Team,25+,$1M+,$300K+ (estimated),IT services; Infrastructure; Support; Consulting; Managed services,Enterprise IT; Cloud; Networks,Corporate; SMEs; Government,IT service delivery; Infrastructure management,Technology partnerships,IT service certification,Service growth focus 2024,Comprehensive IT services provider
